filename,iati-activity/iati-identifier[1],iati-activity/transaction/recipient-country,iati-activity/transaction/recipient-country@code,iati-activity/transaction/recipient-country@percentage
drc-activities,DK-CVR-20699310-DF20381,,,
drc-activities,DK-CVR-20699310-DF20381,,,
drc-activities,DK-CVR-20699310-DF20381,,,
drc-activities,DK-CVR-20699310-DF20381,,,
drc-activities,DK-CVR-20699310-DF20381,,,
drc-activities,DK-CVR-20699310-DF20381,,,
drc-activities,DK-CVR-20699310-DF20381,,,
drc-activities,DK-CVR-20699310-DF20381,,,
drc-activities,DK-CVR-20699310-DF20381,,,
drc-activities,DK-CVR-20699310-DF20381,,,
drc-activities,DK-CVR-20699310-DF20381,,,
drc-activities,DK-CVR-20699310-DF20381,,,
drc-activities,DK-CVR-20699310-DF20381,,,
drc-activities,DK-CVR-20699310-DF20381,,,
drc-activities,DK-CVR-20699310-DF20381,,,
drc-activities,DK-CVR-20699310-DF20381,,,
drc-activities,DK-CVR-20699310-DF20381,,,
drc-activities,DK-CVR-20699310-DF20381,,,
drc-activities,DK-CVR-20699310-DF20381,,,
drc-activities,DK-CVR-20699310-DF20381,,,
drc-activities,DK-CVR-20699310-DF20381,,,
drc-activities,DK-CVR-20699310-DF20381,,,
drc-activities,DK-CVR-20699310-DF20381,,,
drc-activities,DK-CVR-20699310-DF20381,,,
drc-activities,DK-CVR-20699310-DF20381,,,
drc-activities,DK-CVR-20699310-DF20381,,,
drc-activities,DK-CVR-20699310-DF20381,,,
drc-activities,DK-CVR-20699310-DF20381,,,
drc-activities,DK-CVR-20699310-DF20381,,,
drc-activities,DK-CVR-20699310-DF20381,,,
drc-activities,DK-CVR-20699310-DF20381,,,
drc-activities,DK-CVR-20699310-DF20381,,,
drc-activities,DK-CVR-20699310-DF20381,,,
drc-activities,DK-CVR-20699310-DF20381,,,
drc-activities,DK-CVR-20699310-DF20381,,,
drc-activities,DK-CVR-20699310-DF20381,,,
drc-activities,DK-CVR-20699310-DF18695,,,
drc-activities,DK-CVR-20699310-DF18695,,,
drc-activities,DK-CVR-20699310-DF18695,,,
drc-activities,DK-CVR-20699310-DF18695,,,
drc-activities,DK-CVR-20699310-DF18695,,,
drc-activities,DK-CVR-20699310-DF18695,,,
drc-activities,DK-CVR-20699310-DF18695,,,
drc-activities,DK-CVR-20699310-DF18695,,,
drc-activities,DK-CVR-20699310-DF18695,,,
drc-activities,DK-CVR-20699310-DF18695,,,
drc-activities,DK-CVR-20699310-DF18695,,,
drc-activities,DK-CVR-20699310-DF19726,,,
drc-activities,DK-CVR-20699310-DF19726,,,
drc-activities,DK-CVR-20699310-DF19726,,,
drc-activities,DK-CVR-20699310-DF19726,,,
drc-activities,DK-CVR-20699310-DF19726,,,
drc-activities,DK-CVR-20699310-DF19726,,,
drc-activities,DK-CVR-20699310-DF19726,,,
drc-activities,DK-CVR-20699310-DF19726,,,
drc-activities,DK-CVR-20699310-DF19726,,,
drc-activities,DK-CVR-20699310-DF19726,,,
drc-activities,DK-CVR-20699310-DF19726,,,
drc-activities,DK-CVR-20699310-DF19726,,,
drc-activities,DK-CVR-20699310-DF19726,,,
drc-activities,DK-CVR-20699310-DF19726,,,
drc-activities,DK-CVR-20699310-DF19726,,,
drc-activities,DK-CVR-20699310-DF19726,,,
drc-activities,DK-CVR-20699310-DF19726,,,
drc-activities,DK-CVR-20699310-DK19938,,,
drc-activities,DK-CVR-20699310-DK19938,,,
drc-activities,DK-CVR-20699310-DK19938,,,
drc-activities,DK-CVR-20699310-DK19938,,,
drc-activities,DK-CVR-20699310-DK19938,,,
drc-activities,DK-CVR-20699310-DK19938,,,
drc-activities,DK-CVR-20699310-DK19938,,,
drc-activities,DK-CVR-20699310-DK19938,,,
drc-activities,DK-CVR-20699310-DK19938,,,
drc-activities,DK-CVR-20699310-DK19938,,,
drc-activities,DK-CVR-20699310-DK19938,,,
drc-activities,DK-CVR-20699310-DK19938,,,
drc-activities,DK-CVR-20699310-DK19938,,,
drc-activities,DK-CVR-20699310-DK2112467,,,
drc-activities,DK-CVR-20699310-DK2112467,,,
drc-activities,DK-CVR-20699310-DK2112467,,,
drc-activities,DK-CVR-20699310-DK2112467,,,
drc-activities,DK-CVR-20699310-DK2112467,,,
drc-activities,DK-CVR-20699310-DK2112467,,,
drc-activities,DK-CVR-20699310-DK2112467,,,
drc-activities,DK-CVR-20699310-DK2112467,,,
drc-activities,DK-CVR-20699310-DF2055,,,
drc-activities,DK-CVR-20699310-DF2055,,,
drc-activities,DK-CVR-20699310-DF2055,,,
drc-activities,DK-CVR-20699310-DF2055,,,
drc-activities,DK-CVR-20699310-DF2055,,,
drc-activities,DK-CVR-20699310-DF2055,,,
drc-activities,DK-CVR-20699310-DF2055,,,
drc-activities,DK-CVR-20699310-DF2055,,,
drc-activities,DK-CVR-20699310-DF2055,,,
drc-activities,DK-CVR-20699310-DF2055,,,
drc-activities,DK-CVR-20699310-DF2055,,,
drc-activities,DK-CVR-20699310-DF2055,,,
drc-activities,DK-CVR-20699310-DF2055,,,
drc-activities,DK-CVR-20699310-DF2055,,,
drc-activities,DK-CVR-20699310-DF2055,,,
drc-activities,DK-CVR-20699310-DF2055,,,
drc-activities,DK-CVR-20699310-DF2055,,,
drc-activities,DK-CVR-20699310-DF21849,,,
drc-activities,DK-CVR-20699310-DF21849,,,
drc-activities,DK-CVR-20699310-DF21849,,,
drc-activities,DK-CVR-20699310-DF21849,,,
drc-activities,DK-CVR-20699310-DF21849,,,
drc-activities,DK-CVR-20699310-DF21849,,,
drc-activities,DK-CVR-20699310-DF21849,,,
drc-activities,DK-CVR-20699310-DF21849,,,
drc-activities,DK-CVR-20699310-DF21849,,,
drc-activities,DK-CVR-20699310-DF21849,,,
drc-activities,DK-CVR-20699310-DF21849,,,
drc-activities,DK-CVR-20699310-DF21849,,,
drc-activities,DK-CVR-20699310-DF21849,,,
drc-activities,DK-CVR-20699310-DF21849,,,
drc-activities,DK-CVR-20699310-DF21849,,,
drc-activities,DK-CVR-20699310-DF21849,,,
drc-activities,DK-CVR-20699310-DF21849,,,
drc-activities,DK-CVR-20699310-DF21849,,,
drc-activities,DK-CVR-20699310-DF21849,,,
drc-activities,DK-CVR-20699310-DF21849,,,
drc-activities,DK-CVR-20699310-DF21849,,,
drc-activities,DK-CVR-20699310-DF21849,,,
drc-activities,DK-CVR-20699310-DF21849,,,
drc-activities,DK-CVR-20699310-DF21849,,,
drc-activities,DK-CVR-20699310-DF21849,,,
drc-activities,DK-CVR-20699310-DF21849,,,
drc-activities,DK-CVR-20699310-DF21849,,,
drc-activities,DK-CVR-20699310-DF21849,,,
drc-activities,DK-CVR-20699310-DF21849,,,
drc-activities,DK-CVR-20699310-DF21849,,,
drc-activities,DK-CVR-20699310-DF21849,,,
drc-activities,DK-CVR-20699310-DF21849,,,
drc-activities,DK-CVR-20699310-DF21849,,,
drc-activities,DK-CVR-20699310-DF21849,,,
drc-activities,DK-CVR-20699310-DF21849,,,
drc-activities,DK-CVR-20699310-DF21849,,,
drc-activities,DK-CVR-20699310-DF21849,,,
drc-activities,DK-CVR-20699310-DF21849,,,
drc-activities,DK-CVR-20699310-DF21849,,,
drc-activities,DK-CVR-20699310-DF21849,,,
drc-activities,DK-CVR-20699310-DF21849,,,
drc-activities,DK-CVR-20699310-DF21849,,,
drc-activities,DK-CVR-20699310-DF21849,,,
drc-activities,DK-CVR-20699310-DF21849,,,
drc-activities,DK-CVR-20699310-DF21849,,,
drc-activities,DK-CVR-20699310-DF21849,,,
drc-activities,DK-CVR-20699310-DF21849,,,
drc-activities,DK-CVR-20699310-DU19527,,,
drc-activities,DK-CVR-20699310-DU19527,,,
drc-activities,DK-CVR-20699310-DU19527,,,
drc-activities,DK-CVR-20699310-DU19527,,,
drc-activities,DK-CVR-20699310-DU19527,,,
drc-activities,DK-CVR-20699310-DU19527,,,
drc-activities,DK-CVR-20699310-DU19527,,,
drc-activities,DK-CVR-20699310-DU19527,,,
drc-activities,DK-CVR-20699310-DU19527,,,
drc-activities,DK-CVR-20699310-DU19527,,,
drc-activities,DK-CVR-20699310-DU19527,,,
drc-activities,DK-CVR-20699310-DU19527,,,
drc-activities,DK-CVR-20699310-DU20658,,,
drc-activities,DK-CVR-20699310-DU20658,,,
drc-activities,DK-CVR-20699310-DU20658,,,
drc-activities,DK-CVR-20699310-DU20658,,,
drc-activities,DK-CVR-20699310-DU20658,,,
drc-activities,DK-CVR-20699310-DU20658,,,
drc-activities,DK-CVR-20699310-DU20658,,,
drc-activities,DK-CVR-20699310-DU20658,,,
drc-activities,DK-CVR-20699310-DU20658,,,
drc-activities,DK-CVR-20699310-DU20658,,,
drc-activities,DK-CVR-20699310-DU20658,,,
drc-activities,DK-CVR-20699310-DU191129,,,
drc-activities,DK-CVR-20699310-DU191129,,,
drc-activities,DK-CVR-20699310-DU191129,,,
drc-activities,DK-CVR-20699310-DU191129,,,
drc-activities,DK-CVR-20699310-DU191129,,,
drc-activities,DK-CVR-20699310-DU191129,,,
drc-activities,DK-CVR-20699310-DU191129,,,
drc-activities,DK-CVR-20699310-DU191129,,,
drc-activities,DK-CVR-20699310-DU191129,,,
drc-activities,DK-CVR-20699310-DF20376,,,
drc-activities,DK-CVR-20699310-DK19947,,,
drc-activities,DK-CVR-20699310-DK19947,,,
drc-activities,DK-CVR-20699310-DK19947,,,
drc-activities,DK-CVR-20699310-DK19947,,,
drc-activities,DK-CVR-20699310-DK19947,,,
drc-activities,DK-CVR-20699310-DK19947,,,
drc-activities,DK-CVR-20699310-DF221251,,,
drc-activities,DK-CVR-20699310-DF221251,,,
drc-activities,DK-CVR-20699310-DF221251,,,
drc-activities,DK-CVR-20699310-DF221251,,,
drc-activities,DK-CVR-20699310-DF221251,,,
drc-activities,DK-CVR-20699310-DF221251,,,
drc-activities,DK-CVR-20699310-DF221251,,,
drc-activities,DK-CVR-20699310-DF221251,,,
drc-activities,DK-CVR-20699310-DF221251,,,
drc-activities,DK-CVR-20699310-DF221251,,,
drc-activities,DK-CVR-20699310-DF221251,,,
drc-activities,DK-CVR-20699310-DF221251,,,
drc-activities,DK-CVR-20699310-DF221251,,,
drc-activities,DK-CVR-20699310-DF211215,,,
drc-activities,DK-CVR-20699310-DF211215,,,
drc-activities,DK-CVR-20699310-DF211215,,,
drc-activities,DK-CVR-20699310-DF211215,,,
drc-activities,DK-CVR-20699310-DF211215,,,
drc-activities,DK-CVR-20699310-DU22821,,,
drc-activities,DK-CVR-20699310-DU22821,,,
drc-activities,DK-CVR-20699310-DU22821,,,
drc-activities,DK-CVR-20699310-DU22821,,,
drc-activities,DK-CVR-20699310-DU22821,,,
drc-activities,DK-CVR-20699310-DU22821,,,
drc-activities,DK-CVR-20699310-DF21532,,,
drc-activities,DK-CVR-20699310-DF21532,,,
drc-activities,DK-CVR-20699310-DF21532,,,
drc-activities,DK-CVR-20699310-DF21532,,,
drc-activities,DK-CVR-20699310-DRCRO04-19,,,
drc-activities,DK-CVR-20699310-DRCRO04-19,,,
drc-activities,DK-CVR-20699310-DRCRO04-19,,,
drc-activities,DK-CVR-20699310-DRCRO04-19,,,
drc-activities,DK-CVR-20699310-DRCRO04-19,,,
drc-activities,DK-CVR-20699310-DRCRO04-19,,,
drc-activities,DK-CVR-20699310-DRCRO04-19,,,
drc-activities,DK-CVR-20699310-DRCRO04-19,,,
drc-activities,DK-CVR-20699310-DRCRO04-19,,,
drc-activities,DK-CVR-20699310-DRCRO04-19,,,
drc-activities,DK-CVR-20699310-DRCRO04-19,,,
drc-activities,DK-CVR-20699310-DRCRO04-19,,,
drc-activities,DK-CVR-20699310-DRCRO04-19,,,
drc-activities,DK-CVR-20699310-DRCRO04-19,,,
drc-activities,DK-CVR-20699310-DRCRO04-19,,,
drc-activities,DK-CVR-20699310-DRCRO04-19,,,
drc-activities,DK-CVR-20699310-GA22,,,
drc-activities,DK-CVR-20699310-DRCCOL19,,,
drc-activities,DK-CVR-20699310-DRCCOL19,,,
drc-activities,DK-CVR-20699310-DRCCOL19,,,
drc-activities,DK-CVR-20699310-DRCCOL19,,,
drc-activities,DK-CVR-20699310-DRCCOL19,,,
drc-activities,DK-CVR-20699310-DRCCOL19,,,
drc-activities,DK-CVR-20699310-DRCCOL19,,,
drc-activities,DK-CVR-20699310-DRCRO02-19,,,
drc-activities,DK-CVR-20699310-DRCRO02-19,,,
drc-activities,DK-CVR-20699310-DRCRO02-19,,,
drc-activities,DK-CVR-20699310-DRCRO02-19,,,
drc-activities,DK-CVR-20699310-DRCRO02-19,,,
drc-activities,DK-CVR-20699310-DRCRO02-19,,,
drc-activities,DK-CVR-20699310-DRCRO02-19,,,
drc-activities,DK-CVR-20699310-DRCRO02-19,,,
drc-activities,DK-CVR-20699310-DRCRO02-19,,,
drc-activities,DK-CVR-20699310-DRCRO02-19,,,
drc-activities,DK-CVR-20699310-DRCRO02-19,,,
drc-activities,DK-CVR-20699310-DRCRO02-19,,,
drc-activities,DK-CVR-20699310-DRCRO02-19,,,
drc-activities,DK-CVR-20699310-DRCRO02-19,,,
drc-activities,DK-CVR-20699310-DRCRO02-19,,,
drc-activities,DK-CVR-20699310-DRCRO02-19,,,
drc-activities,DK-CVR-20699310-DRCRO02-19,,,
drc-activities,DK-CVR-20699310-DRCRO02-19,,,
drc-activities,DK-CVR-20699310-DRCRO02-19,,,
drc-activities,DK-CVR-20699310-DRCRO02-19,,,
drc-activities,DK-CVR-20699310-DRCRO02-19,,,
drc-activities,DK-CVR-20699310-DRCRO02-19,,,
drc-activities,DK-CVR-20699310-DRCRO02-19,,,
drc-activities,DK-CVR-20699310-DRCRO02-19,,,
drc-activities,DK-CVR-20699310-DRCRO02-19,,,
drc-activities,DK-CVR-20699310-DRCRO02-19,,,
drc-activities,DK-CVR-20699310-DRCRO02-19,,,
drc-activities,DK-CVR-20699310-DRCRO02-19,,,
drc-activities,DK-CVR-20699310-DRCRO02-19,,,
drc-activities,DK-CVR-20699310-DRCRO02-19,,,
drc-activities,DK-CVR-20699310-DRCRO03-19,,,
drc-activities,DK-CVR-20699310-DRCRO03-19,,,
drc-activities,DK-CVR-20699310-DRCRO03-19,,,
drc-activities,DK-CVR-20699310-DRCRO03-19,,,
drc-activities,DK-CVR-20699310-DRCRO03-19,,,
drc-activities,DK-CVR-20699310-DRCRO03-19,,,
drc-activities,DK-CVR-20699310-DRCRO03-19,,,
drc-activities,DK-CVR-20699310-DRCRO03-19,,,
drc-activities,DK-CVR-20699310-DRCRO03-19,,,
drc-activities,DK-CVR-20699310-DRCRO03-19,,,
drc-activities,DK-CVR-20699310-DRCRO03-19,,,
drc-activities,DK-CVR-20699310-DRCRO03-19,,,
drc-activities,DK-CVR-20699310-DRCRO03-19,,,
drc-activities,DK-CVR-20699310-DRCRO03-19,,,
drc-activities,DK-CVR-20699310-DRCRO03-19,,,
drc-activities,DK-CVR-20699310-DRCRO06-19,,,
drc-activities,DK-CVR-20699310-DRCRO06-19,,,
drc-activities,DK-CVR-20699310-DRCRO06-19,,,
drc-activities,DK-CVR-20699310-DRCRO06-19,,,
drc-activities,DK-CVR-20699310-DRCRO06-19,,,
drc-activities,DK-CVR-20699310-DRCRO06-19,,,
drc-activities,DK-CVR-20699310-DRCRO06-19,,,
drc-activities,DK-CVR-20699310-DRCRO06-19,,,
drc-activities,DK-CVR-20699310-DRCRO06-19,,,
drc-activities,DK-CVR-20699310-DRCRO01-19,,,
drc-activities,DK-CVR-20699310-DRCRO01-19,,,
drc-activities,DK-CVR-20699310-DRCRO01-19,,,
drc-activities,DK-CVR-20699310-DRCRO01-19,,,
drc-activities,DK-CVR-20699310-DRCRO01-19,,,
drc-activities,DK-CVR-20699310-DRCRO01-19,,,
drc-activities,DK-CVR-20699310-DRCRO01-19,,,
drc-activities,DK-CVR-20699310-DRCRO01-19,,,
drc-activities,DK-CVR-20699310-DRCRO01-19,,,
drc-activities,DK-CVR-20699310-DRCRO01-19,,,
drc-activities,DK-CVR-20699310-DRCRO01-19,,,
drc-activities,DK-CVR-20699310-DRCRO01-19,,,
drc-activities,DK-CVR-20699310-DRCRO01-19,,,
drc-activities,DK-CVR-20699310-DRCRO01-19,,,
drc-activities,DK-CVR-20699310-DRCRO01-19,,,
drc-activities,DK-CVR-20699310-DRCRO01-19,,,
drc-activities,DK-CVR-20699310-DRCRO01-19,,,
drc-activities,DK-CVR-20699310-DRCRO01-19,,,
drc-activities,DK-CVR-20699310-DRCRO01-19,,,
drc-activities,DK-CVR-20699310-DRCRO01-19,,,
drc-activities,DK-CVR-20699310-DRCRO01-19,,,
drc-activities,DK-CVR-20699310-DRCRO01-19,,,
drc-activities,DK-CVR-20699310-DRCRO01-19,,,
drc-activities,DK-CVR-20699310-DRCRO01-19,,,
drc-activities,DK-CVR-20699310-DRCRO01-19,,,
drc-activities,DK-CVR-20699310-DRCRO01-19,,,
drc-activities,DK-CVR-20699310-DRCRO01-19,,,
drc-activities,DK-CVR-20699310-DRCRO01-19,,,
drc-activities,DK-CVR-20699310-DRCRO01-19,,,
drc-activities,DK-CVR-20699310-DRCRO01-19,,,
drc-activities,DK-CVR-20699310-DRCRO01-19,,,
drc-activities,DK-CVR-20699310-DRCRO01-19,,,
drc-activities,DK-CVR-20699310-DRCRO01-19,,,
drc-activities,DK-CVR-20699310-DRCRO01-19,,,
drc-activities,DK-CVR-20699310-DRCRO01-19,,,
drc-activities,DK-CVR-20699310-DRCRO01-19,,,
drc-activities,DK-CVR-20699310-DRCRO01-19,,,
drc-activities,DK-CVR-20699310-DRCRO01-19,,,
drc-activities,DK-CVR-20699310-DRCRO01-19,,,
drc-activities,DK-CVR-20699310-DRCRO01-19,,,
drc-activities,DK-CVR-20699310-DRCRO01-19,,,
drc-activities,DK-CVR-20699310-DRCRO05-19,,,
drc-activities,DK-CVR-20699310-DRCRO05-19,,,
drc-activities,DK-CVR-20699310-DRCRO05-19,,,
drc-activities,DK-CVR-20699310-DRCRO05-19,,,
drc-activities,DK-CVR-20699310-DRCRO05-19,,,
drc-activities,DK-CVR-20699310-DRCRO05-19,,,
drc-activities,DK-CVR-20699310-DRCRO05-19,,,
drc-activities,DK-CVR-20699310-DRCRO05-19,,,
drc-activities,DK-CVR-20699310-DRCRO05-19,,,
drc-activities,DK-CVR-20699310-DRCRO05-19,,,
drc-activities,DK-CVR-20699310-DRCRO05-19,,,
drc-activities,DK-CVR-20699310-DRCRO05-19,,,
drc-activities,DK-CVR-20699310-DRCRO05-19,,,
drc-activities,DK-CVR-20699310-DRCRO05-19,,,
drc-activities,DK-CVR-20699310-DRCRO05-19,,,
drc-activities,DK-CVR-20699310-DRCRO05-19,,,
drc-activities,DK-CVR-20699310-DRCRO05-19,,,
drc-activities,DK-CVR-20699310-DRCRO05-19,,,
drc-activities,DK-CVR-20699310-DRCRO05-19,,,
drc-activities,DK-CVR-20699310-DRCRO05-19,,,
drc-activities,DK-CVR-20699310-DRCRO05-19,,,
drc-activities,DK-CVR-20699310-DRCRO05-19,,,
drc-activities,DK-CVR-20699310-DRCRO05-19,,,
drc-activities,DK-CVR-20699310-DRCRO05-19,,,
drc-activities,DK-CVR-20699310-DRCRO05-19,,,
drc-activities,DK-CVR-20699310-DRCRO05-19,,,
drc-activities,DK-CVR-20699310-DRCRO05-19,,,
drc-activities,DK-CVR-20699310-DF212197,,,
drc-activities,DK-CVR-20699310-DF212197,,,
drc-activities,DK-CVR-20699310-DF212197,,,
drc-activities,DK-CVR-20699310-DF212197,,,
drc-activities,DK-CVR-20699310-DF212197,,,
drc-activities,DK-CVR-20699310-DF212197,,,
drc-activities,DK-CVR-20699310-DF212197,,,
drc-activities,DK-CVR-20699310-DF212197,,,
drc-activities,DK-CVR-20699310-DF212197,,,
drc-activities,DK-CVR-20699310-DF212197,,,
drc-activities,DK-CVR-20699310-DF212197,,,
drc-activities,DK-CVR-20699310-DF201067,,,
drc-activities,DK-CVR-20699310-DF201067,,,
drc-activities,DK-CVR-20699310-DF201067,,,
drc-activities,DK-CVR-20699310-DK19953,,,
drc-activities,DK-CVR-20699310-DK19953,,,
drc-activities,DK-CVR-20699310-DK19953,,,
drc-activities,DK-CVR-20699310-DK19953,,,
drc-activities,DK-CVR-20699310-DK19953,,,
drc-activities,DK-CVR-20699310-DK19953,,,
drc-activities,DK-CVR-20699310-DK19953,,,
drc-activities,DK-CVR-20699310-DK19953,,,
drc-activities,DK-CVR-20699310-DK19953,,,
drc-activities,DK-CVR-20699310-DK1925,,,
drc-activities,DK-CVR-20699310-DK1925,,,
drc-activities,DK-CVR-20699310-DK1925,,,
drc-activities,DK-CVR-20699310-DK1925,,,
drc-activities,DK-CVR-20699310-DK1925,,,
drc-activities,DK-CVR-20699310-DK1925,,,
drc-activities,DK-CVR-20699310-DK1925,,,
drc-activities,DK-CVR-20699310-DK19524,,,
drc-activities,DK-CVR-20699310-DK19524,,,
drc-activities,DK-CVR-20699310-DK19524,,,
drc-activities,DK-CVR-20699310-DK19524,,,
drc-activities,DK-CVR-20699310-DK19524,,,
drc-activities,DK-CVR-20699310-DK19524,,,
drc-activities,DK-CVR-20699310-DK19524,,,
drc-activities,DK-CVR-20699310-DK19615,,,
drc-activities,DK-CVR-20699310-DK19615,,,
drc-activities,DK-CVR-20699310-DK19615,,,
drc-activities,DK-CVR-20699310-DK19615,,,
drc-activities,DK-CVR-20699310-DK19615,,,
drc-activities,DK-CVR-20699310-DK19615,,,
drc-activities,DK-CVR-20699310-DK19615,,,
drc-activities,DK-CVR-20699310-DK19649,,,
drc-activities,DK-CVR-20699310-DK19649,,,
drc-activities,DK-CVR-20699310-DK19649,,,
drc-activities,DK-CVR-20699310-DK19649,,,
drc-activities,DK-CVR-20699310-DK19649,,,
drc-activities,DK-CVR-20699310-DK19649,,,
drc-activities,DK-CVR-20699310-DK19649,,,
drc-activities,DK-CVR-20699310-DK19950,,,
drc-activities,DK-CVR-20699310-DK19950,,,
drc-activities,DK-CVR-20699310-DK19652,,,
drc-activities,DK-CVR-20699310-DK19652,,,
drc-activities,DK-CVR-20699310-DK19652,,,
drc-activities,DK-CVR-20699310-DK19652,,,
drc-activities,DK-CVR-20699310-DK19652,,,
drc-activities,DK-CVR-20699310-DK19652,,,
drc-activities,DK-CVR-20699310-DK19652,,,
drc-activities,DK-CVR-20699310-DK19652,,,
drc-activities,DK-CVR-20699310-DK19653,,,
drc-activities,DK-CVR-20699310-DK19653,,,
drc-activities,DK-CVR-20699310-DK19653,,,
drc-activities,DK-CVR-20699310-DK19653,,,
drc-activities,DK-CVR-20699310-DK19653,,,
drc-activities,DK-CVR-20699310-DK19653,,,
drc-activities,DK-CVR-20699310-DK19653,,,
drc-activities,DK-CVR-20699310-DK19713,,,
drc-activities,DK-CVR-20699310-DK19713,,,
drc-activities,DK-CVR-20699310-DK19715,,,
drc-activities,DK-CVR-20699310-DK19715,,,
drc-activities,DK-CVR-20699310-DK19715,,,
drc-activities,DK-CVR-20699310-DK19715,,,
drc-activities,DK-CVR-20699310-DK19715,,,
drc-activities,DK-CVR-20699310-DK19715,,,
drc-activities,DK-CVR-20699310-DK19715,,,
drc-activities,DK-CVR-20699310-DK19720,,,
drc-activities,DK-CVR-20699310-DK19720,,,
drc-activities,DK-CVR-20699310-DK19720,,,
drc-activities,DK-CVR-20699310-DK19720,,,
drc-activities,DK-CVR-20699310-DK19720,,,
drc-activities,DK-CVR-20699310-DK19720,,,
drc-activities,DK-CVR-20699310-DK19720,,,
drc-activities,DK-CVR-20699310-DK19726,,,
drc-activities,DK-CVR-20699310-DK19726,,,
drc-activities,DK-CVR-20699310-DK19726,,,
drc-activities,DK-CVR-20699310-DK19726,,,
drc-activities,DK-CVR-20699310-DK19726,,,
drc-activities,DK-CVR-20699310-DK19726,,,
drc-activities,DK-CVR-20699310-DK19726,,,
drc-activities,DK-CVR-20699310-DK19741,,,
drc-activities,DK-CVR-20699310-DK19741,,,
drc-activities,DK-CVR-20699310-DK19741,,,
drc-activities,DK-CVR-20699310-DK19741,,,
drc-activities,DK-CVR-20699310-DK19741,,,
drc-activities,DK-CVR-20699310-DK19741,,,
drc-activities,DK-CVR-20699310-DK19741,,,
drc-activities,DK-CVR-20699310-DK19741,,,
drc-activities,DK-CVR-20699310-DK19744,,,
drc-activities,DK-CVR-20699310-DK19744,,,
drc-activities,DK-CVR-20699310-DK19744,,,
drc-activities,DK-CVR-20699310-DK19744,,,
drc-activities,DK-CVR-20699310-DK19744,,,
drc-activities,DK-CVR-20699310-DK19744,,,
drc-activities,DK-CVR-20699310-DK19744,,,
drc-activities,DK-CVR-20699310-DK19843,,,
drc-activities,DK-CVR-20699310-DK19843,,,
drc-activities,DK-CVR-20699310-DK19888,,,
drc-activities,DK-CVR-20699310-DK19888,,,
drc-activities,DK-CVR-20699310-DK19888,,,
drc-activities,DK-CVR-20699310-DK19888,,,
drc-activities,DK-CVR-20699310-DK19888,,,
drc-activities,DK-CVR-20699310-DK19888,,,
drc-activities,DK-CVR-20699310-DK19888,,,
drc-activities,DK-CVR-20699310-DK19903,,,
drc-activities,DK-CVR-20699310-DK19903,,,
drc-activities,DK-CVR-20699310-DK19903,,,
drc-activities,DK-CVR-20699310-DK19903,,,
drc-activities,DK-CVR-20699310-DK19903,,,
drc-activities,DK-CVR-20699310-DK19903,,,
drc-activities,DK-CVR-20699310-DK19903,,,
drc-activities,DK-CVR-20699310-DK19903,,,
drc-activities,DK-CVR-20699310-DK19971,,,
drc-activities,DK-CVR-20699310-DK19971,,,
drc-activities,DK-CVR-20699310-DK19971,,,
drc-activities,DK-CVR-20699310-DK19971,,,
drc-activities,DK-CVR-20699310-DK19971,,,
drc-activities,DK-CVR-20699310-DK19973,,,
drc-activities,DK-CVR-20699310-DK19973,,,
drc-activities,DK-CVR-20699310-DK19973,,,
drc-activities,DK-CVR-20699310-DK19973,,,
drc-activities,DK-CVR-20699310-DK19973,,,
drc-activities,DK-CVR-20699310-DK19973,,,
drc-activities,DK-CVR-20699310-DK19973,,,
drc-activities,DK-CVR-20699310-DK19973,,,
drc-activities,DK-CVR-20699310-DK19974,,,
drc-activities,DK-CVR-20699310-DK19974,,,
drc-activities,DK-CVR-20699310-DK19974,,,
drc-activities,DK-CVR-20699310-DK19974,,,
drc-activities,DK-CVR-20699310-DK19974,,,
drc-activities,DK-CVR-20699310-DK19974,,,
drc-activities,DK-CVR-20699310-DK19976,,,
drc-activities,DK-CVR-20699310-DK19976,,,
drc-activities,DK-CVR-20699310-DK19976,,,
drc-activities,DK-CVR-20699310-DK19976,,,
drc-activities,DK-CVR-20699310-DK19976,,,
drc-activities,DK-CVR-20699310-DK19976,,,
drc-activities,DK-CVR-20699310-DK19976,,,
drc-activities,DK-CVR-20699310-DK19977,,,
drc-activities,DK-CVR-20699310-DK19977,,,
drc-activities,DK-CVR-20699310-DK19977,,,
drc-activities,DK-CVR-20699310-DK19977,,,
drc-activities,DK-CVR-20699310-DK19977,,,
drc-activities,DK-CVR-20699310-DK19977,,,
drc-activities,DK-CVR-20699310-DK19977,,,
drc-activities,DK-CVR-20699310-DK191007,,,
drc-activities,DK-CVR-20699310-DK191007,,,
drc-activities,DK-CVR-20699310-DK191007,,,
drc-activities,DK-CVR-20699310-DK191007,,,
drc-activities,DK-CVR-20699310-DK191007,,,
drc-activities,DK-CVR-20699310-DK191007,,,
drc-activities,DK-CVR-20699310-DK191007,,,
drc-activities,DK-CVR-20699310-DK19742,,,
drc-activities,DK-CVR-20699310-DK19742,,,
drc-activities,DK-CVR-20699310-DK19742,,,
drc-activities,DK-CVR-20699310-DK19742,,,
drc-activities,DK-CVR-20699310-DK19742,,,
drc-activities,DK-CVR-20699310-DK19742,,,
drc-activities,DK-CVR-20699310-DK19742,,,
drc-activities,DK-CVR-20699310-DK191239,,,
drc-activities,DK-CVR-20699310-DK191239,,,
drc-activities,DK-CVR-20699310-DK191239,,,
drc-activities,DK-CVR-20699310-DK191239,,,
drc-activities,DK-CVR-20699310-DK191239,,,
drc-activities,DK-CVR-20699310-DK191239,,,
drc-activities,DK-CVR-20699310-DK191239,,,
drc-activities,DK-CVR-20699310-DK191239,,,
drc-activities,DK-CVR-20699310-DK191790,,,
drc-activities,DK-CVR-20699310-DK191790,,,
drc-activities,DK-CVR-20699310-DK191790,,,
drc-activities,DK-CVR-20699310-DK191790,,,
drc-activities,DK-CVR-20699310-DK191790,,,
drc-activities,DK-CVR-20699310-DK19479,,,
drc-activities,DK-CVR-20699310-DK19479,,,
drc-activities,DK-CVR-20699310-DK19479,,,
drc-activities,DK-CVR-20699310-DK201680,,,
drc-activities,DK-CVR-20699310-DK201680,,,
drc-activities,DK-CVR-20699310-DK201680,,,
drc-activities,DK-CVR-20699310-DK201680,,,
drc-activities,DK-CVR-20699310-DK201680,,,
drc-activities,DK-CVR-20699310-DK201680,,,
drc-activities,DK-CVR-20699310-DK201680,,,
drc-activities,DK-CVR-20699310-DK201681,,,
drc-activities,DK-CVR-20699310-DK201681,,,
drc-activities,DK-CVR-20699310-DK201681,,,
drc-activities,DK-CVR-20699310-DK201681,,,
drc-activities,DK-CVR-20699310-DK201683,,,
drc-activities,DK-CVR-20699310-DK201683,,,
drc-activities,DK-CVR-20699310-DK201683,,,
drc-activities,DK-CVR-20699310-DK201683,,,
drc-activities,DK-CVR-20699310-DK201683,,,
drc-activities,DK-CVR-20699310-DK201683,,,
drc-activities,DK-CVR-20699310-DK201683,,,
drc-activities,DK-CVR-20699310-DK201685,,,
drc-activities,DK-CVR-20699310-DK201685,,,
drc-activities,DK-CVR-20699310-DK201685,,,
drc-activities,DK-CVR-20699310-DK201685,,,
drc-activities,DK-CVR-20699310-DK201685,,,
drc-activities,DK-CVR-20699310-DK201685,,,
drc-activities,DK-CVR-20699310-DK201685,,,
drc-activities,DK-CVR-20699310-DK201687,,,
drc-activities,DK-CVR-20699310-DK201687,,,
drc-activities,DK-CVR-20699310-DK201687,,,
drc-activities,DK-CVR-20699310-DK201687,,,
drc-activities,DK-CVR-20699310-DK201687,,,
drc-activities,DK-CVR-20699310-DK201687,,,
drc-activities,DK-CVR-20699310-DK201687,,,
drc-activities,DK-CVR-20699310-DK201688,,,
drc-activities,DK-CVR-20699310-DK201688,,,
drc-activities,DK-CVR-20699310-DK201688,,,
drc-activities,DK-CVR-20699310-DK201688,,,
drc-activities,DK-CVR-20699310-DK201688,,,
drc-activities,DK-CVR-20699310-DK201688,,,
drc-activities,DK-CVR-20699310-DK201688,,,
drc-activities,DK-CVR-20699310-DK201688,,,
drc-activities,DK-CVR-20699310-DK201689,,,
drc-activities,DK-CVR-20699310-DK201689,,,
drc-activities,DK-CVR-20699310-DK201689,,,
drc-activities,DK-CVR-20699310-DK201689,,,
drc-activities,DK-CVR-20699310-DK201689,,,
drc-activities,DK-CVR-20699310-DK201689,,,
drc-activities,DK-CVR-20699310-DK201689,,,
drc-activities,DK-CVR-20699310-DK201689,,,
drc-activities,DK-CVR-20699310-DK201689,,,
drc-activities,DK-CVR-20699310-DK201689,,,
drc-activities,DK-CVR-20699310-DK201690,,,
drc-activities,DK-CVR-20699310-DK201690,,,
drc-activities,DK-CVR-20699310-DK201690,,,
drc-activities,DK-CVR-20699310-DK201690,,,
drc-activities,DK-CVR-20699310-DK201690,,,
drc-activities,DK-CVR-20699310-DK201690,,,
drc-activities,DK-CVR-20699310-DK201690,,,
drc-activities,DK-CVR-20699310-DK201690,,,
drc-activities,DK-CVR-20699310-DK1940,,,
drc-activities,DK-CVR-20699310-DK1940,,,
drc-activities,DK-CVR-20699310-DK1940,,,
drc-activities,DK-CVR-20699310-DK1940,,,
drc-activities,DK-CVR-20699310-DK1940,,,
drc-activities,DK-CVR-20699310-DK1940,,,
drc-activities,DK-CVR-20699310-DK1940,,,
drc-activities,DK-CVR-20699310-DK201692,,,
drc-activities,DK-CVR-20699310-DK201692,,,
drc-activities,DK-CVR-20699310-DK201692,,,
drc-activities,DK-CVR-20699310-DK201692,,,
drc-activities,DK-CVR-20699310-DK201692,,,
drc-activities,DK-CVR-20699310-DK201692,,,
drc-activities,DK-CVR-20699310-DK201692,,,
drc-activities,DK-CVR-20699310-DK201692,,,
drc-activities,DK-CVR-20699310-DK201692,,,
drc-activities,DK-CVR-20699310-DK201692,,,
drc-activities,DK-CVR-20699310-DK19972,,,
drc-activities,DK-CVR-20699310-DK19972,,,
drc-activities,DK-CVR-20699310-DK19972,,,
drc-activities,DK-CVR-20699310-DK19972,,,
drc-activities,DK-CVR-20699310-DK19972,,,
drc-activities,DK-CVR-20699310-DK19972,,,
drc-activities,DK-CVR-20699310-DK201686,,,
drc-activities,DK-CVR-20699310-DK201686,,,
drc-activities,DK-CVR-20699310-DK201686,,,
drc-activities,DK-CVR-20699310-DK201686,,,
drc-activities,DK-CVR-20699310-DK201686,,,
drc-activities,DK-CVR-20699310-DK201686,,,
drc-activities,DK-CVR-20699310-DU252394,,,
drc-activities,DK-CVR-20699310-DU252398,,,
drc-activities,DK-CVR-20699310-DU252398,,,
drc-activities,DK-CVR-20699310-DU252397,,,
drc-activities,DK-CVR-20699310-DU252397,,,
drc-activities,DK-CVR-20699310-DU252399,,,
drc-activities,DK-CVR-20699310-DU252399,,,
drc-activities,DK-CVR-20699310-DK201695,,,
drc-activities,DK-CVR-20699310-DK201695,,,
drc-activities,DK-CVR-20699310-DK201695,,,
drc-activities,DK-CVR-20699310-DK201695,,,
drc-activities,DK-CVR-20699310-DK201695,,,
drc-activities,DK-CVR-20699310-DK201695,,,
drc-activities,DK-CVR-20699310-DK201695,,,
drc-activities,DK-CVR-20699310-DK201693,,,
drc-activities,DK-CVR-20699310-DK201693,,,
drc-activities,DK-CVR-20699310-DK201693,,,
drc-activities,DK-CVR-20699310-DK201693,,,
drc-activities,DK-CVR-20699310-DK201693,,,
drc-activities,DK-CVR-20699310-DK201693,,,
drc-activities,DK-CVR-20699310-DK201698,,,
drc-activities,DK-CVR-20699310-DK201698,,,
drc-activities,DK-CVR-20699310-DK201698,,,
drc-activities,DK-CVR-20699310-DK201698,,,
drc-activities,DK-CVR-20699310-DK201698,,,
drc-activities,DK-CVR-20699310-DK201698,,,
drc-activities,DK-CVR-20699310-DK201698,,,
drc-activities,DK-CVR-20699310-DK201698,,,
drc-activities,DK-CVR-20699310-DK201698,,,
drc-activities,DK-CVR-20699310-DK201699,,,
drc-activities,DK-CVR-20699310-DK201699,,,
drc-activities,DK-CVR-20699310-DK201699,,,
drc-activities,DK-CVR-20699310-DK201699,,,
drc-activities,DK-CVR-20699310-DK201699,,,
drc-activities,DK-CVR-20699310-DK201699,,,
drc-activities,DK-CVR-20699310-DK201700,,,
drc-activities,DK-CVR-20699310-DK201700,,,
drc-activities,DK-CVR-20699310-DK201700,,,
drc-activities,DK-CVR-20699310-DK201700,,,
drc-activities,DK-CVR-20699310-DK201700,,,
drc-activities,DK-CVR-20699310-DK201700,,,
drc-activities,DK-CVR-20699310-DK201701,,,
drc-activities,DK-CVR-20699310-DK201701,,,
drc-activities,DK-CVR-20699310-DK201701,,,
drc-activities,DK-CVR-20699310-DK201701,,,
drc-activities,DK-CVR-20699310-DK201701,,,
drc-activities,DK-CVR-20699310-DK201701,,,
drc-activities,DK-CVR-20699310-DK201701,,,
drc-activities,DK-CVR-20699310-DK201701,,,
drc-activities,DK-CVR-20699310-DK201701,,,
drc-activities,DK-CVR-20699310-DK201711,,,
drc-activities,DK-CVR-20699310-DK201711,,,
drc-activities,DK-CVR-20699310-DK201711,,,
drc-activities,DK-CVR-20699310-DK201711,,,
drc-activities,DK-CVR-20699310-DK201711,,,
drc-activities,DK-CVR-20699310-DK201711,,,
drc-activities,DK-CVR-20699310-DK201711,,,
drc-activities,DK-CVR-20699310-DK201716,,,
drc-activities,DK-CVR-20699310-DK201716,,,
drc-activities,DK-CVR-20699310-DK201716,,,
drc-activities,DK-CVR-20699310-DK201716,,,
drc-activities,DK-CVR-20699310-DK201716,,,
drc-activities,DK-CVR-20699310-DK201716,,,
drc-activities,DK-CVR-20699310-DK201716,,,
drc-activities,DK-CVR-20699310-DK201717,,,
drc-activities,DK-CVR-20699310-DK201717,,,
drc-activities,DK-CVR-20699310-DK201717,,,
drc-activities,DK-CVR-20699310-DK201717,,,
drc-activities,DK-CVR-20699310-DK201717,,,
drc-activities,DK-CVR-20699310-DK201717,,,
drc-activities,DK-CVR-20699310-DK201717,,,
drc-activities,DK-CVR-20699310-DK201717,,,
drc-activities,DK-CVR-20699310-DK201719,,,
drc-activities,DK-CVR-20699310-DK201719,,,
drc-activities,DK-CVR-20699310-DK201719,,,
drc-activities,DK-CVR-20699310-DK201719,,,
drc-activities,DK-CVR-20699310-DK201719,,,
drc-activities,DK-CVR-20699310-DK201719,,,
drc-activities,DK-CVR-20699310-DK201719,,,
drc-activities,DK-CVR-20699310-DK201704,,,
drc-activities,DK-CVR-20699310-DK201704,,,
drc-activities,DK-CVR-20699310-DK201704,,,
drc-activities,DK-CVR-20699310-DK201704,,,
drc-activities,DK-CVR-20699310-DK201704,,,
drc-activities,DK-CVR-20699310-DK201704,,,
drc-activities,DK-CVR-20699310-DK201704,,,
drc-activities,DK-CVR-20699310-DK201704,,,
drc-activities,DK-CVR-20699310-DK201708,,,
drc-activities,DK-CVR-20699310-DK201708,,,
drc-activities,DK-CVR-20699310-DK201708,,,
drc-activities,DK-CVR-20699310-DK201708,,,
drc-activities,DK-CVR-20699310-DK201708,,,
drc-activities,DK-CVR-20699310-DK201708,,,
drc-activities,DK-CVR-20699310-DK201708,,,
drc-activities,DK-CVR-20699310-DK201720,,,
drc-activities,DK-CVR-20699310-DK201720,,,
drc-activities,DK-CVR-20699310-DK201720,,,
drc-activities,DK-CVR-20699310-DK201720,,,
drc-activities,DK-CVR-20699310-DK201720,,,
drc-activities,DK-CVR-20699310-DK201720,,,
drc-activities,DK-CVR-20699310-DK201720,,,
drc-activities,DK-CVR-20699310-DK201718,,,
drc-activities,DK-CVR-20699310-DK201718,,,
drc-activities,DK-CVR-20699310-DK201718,,,
drc-activities,DK-CVR-20699310-DK201718,,,
drc-activities,DK-CVR-20699310-DK201718,,,
drc-activities,DK-CVR-20699310-DK201718,,,
drc-activities,DK-CVR-20699310-DK201718,,,
drc-activities,DK-CVR-20699310-DF212759,,,
drc-activities,DK-CVR-20699310-DF212759,,,
drc-activities,DK-CVR-20699310-DF212759,,,
drc-activities,DK-CVR-20699310-DF212759,,,
drc-activities,DK-CVR-20699310-DK202628,,,
drc-activities,DK-CVR-20699310-DK202628,,,
drc-activities,DK-CVR-20699310-DK202691,,,
drc-activities,DK-CVR-20699310-DK202691,,,
drc-activities,DK-CVR-20699310-DK202691,,,
drc-activities,DK-CVR-20699310-DK201710,,,
drc-activities,DK-CVR-20699310-DK201710,,,
drc-activities,DK-CVR-20699310-DK201710,,,
drc-activities,DK-CVR-20699310-DK201710,,,
drc-activities,DK-CVR-20699310-DK201710,,,
drc-activities,DK-CVR-20699310-DK201710,,,
drc-activities,DK-CVR-20699310-DK201710,,,
drc-activities,DK-CVR-20699310-DK201710,,,
drc-activities,DK-CVR-20699310-DK201707,,,
drc-activities,DK-CVR-20699310-DK201707,,,
drc-activities,DK-CVR-20699310-DK201707,,,
drc-activities,DK-CVR-20699310-DK201707,,,
drc-activities,DK-CVR-20699310-DK201702,,,
drc-activities,DK-CVR-20699310-DK201702,,,
drc-activities,DK-CVR-20699310-DK201702,,,
drc-activities,DK-CVR-20699310-DK201702,,,
drc-activities,DK-CVR-20699310-DK201702,,,
drc-activities,DK-CVR-20699310-DK201702,,,
drc-activities,DK-CVR-20699310-DK201702,,,
drc-activities,DK-CVR-20699310-DK201702,,,
drc-activities,DK-CVR-20699310-DK201702,,,
drc-activities,DK-CVR-20699310-DK201706,,,
drc-activities,DK-CVR-20699310-DK201706,,,
drc-activities,DK-CVR-20699310-DK201706,,,
drc-activities,DK-CVR-20699310-DK201706,,,
drc-activities,DK-CVR-20699310-DK201706,,,
drc-activities,DK-CVR-20699310-DK201706,,,
drc-activities,DK-CVR-20699310-DK201706,,,
drc-activities,DK-CVR-20699310-DK201706,,,
drc-activities,DK-CVR-20699310-DK201706,,,
drc-activities,DK-CVR-20699310-DK201706,,,
drc-activities,DK-CVR-20699310-DK1926,,,
drc-activities,DK-CVR-20699310-DK1926,,,
drc-activities,DK-CVR-20699310-DK1926,,,
drc-activities,DK-CVR-20699310-DK1926,,,
drc-activities,DK-CVR-20699310-DK1926,,,
drc-activities,DK-CVR-20699310-DK1926,,,
drc-activities,DK-CVR-20699310-DK1926,,,
drc-activities,DK-CVR-20699310-DK201691,,,
drc-activities,DK-CVR-20699310-DK201691,,,
drc-activities,DK-CVR-20699310-DK201691,,,
drc-activities,DK-CVR-20699310-DK201691,,,
drc-activities,DK-CVR-20699310-DK201691,,,
drc-activities,DK-CVR-20699310-DK201691,,,
drc-activities,DK-CVR-20699310-DK201832,,,
drc-activities,DK-CVR-20699310-DK201832,,,
drc-activities,DK-CVR-20699310-DK201832,,,
drc-activities,DK-CVR-20699310-DK201832,,,
drc-activities,DK-CVR-20699310-DK201832,,,
drc-activities,DK-CVR-20699310-DK201832,,,
drc-activities,DK-CVR-20699310-DK201832,,,
drc-activities,DK-CVR-20699310-DK201832,,,
drc-activities,DK-CVR-20699310-DK201684,,,
drc-activities,DK-CVR-20699310-DK201684,,,
drc-activities,DK-CVR-20699310-DK201684,,,
drc-activities,DK-CVR-20699310-DK201684,,,
drc-activities,DK-CVR-20699310-DK201684,,,
drc-activities,DK-CVR-20699310-DK201684,,,
drc-activities,DK-CVR-20699310-DK201712,,,
drc-activities,DK-CVR-20699310-DK201712,,,
drc-activities,DK-CVR-20699310-DK201712,,,
drc-activities,DK-CVR-20699310-DK201712,,,
drc-activities,DK-CVR-20699310-DK201712,,,
drc-activities,DK-CVR-20699310-DK201712,,,
drc-activities,DK-CVR-20699310-DK201712,,,
drc-activities,DK-CVR-20699310-DK201712,,,
drc-activities,DK-CVR-20699310-DK201715,,,
drc-activities,DK-CVR-20699310-DK201715,,,
drc-activities,DK-CVR-20699310-DK201715,,,
drc-activities,DK-CVR-20699310-DK201715,,,
drc-activities,DK-CVR-20699310-DK201715,,,
drc-activities,DK-CVR-20699310-DK201715,,,
drc-activities,DK-CVR-20699310-DK201715,,,
drc-activities,DK-CVR-20699310-DK201715,,,
drc-activities,DK-CVR-20699310-DK201715,,,
drc-activities,DK-CVR-20699310-DK201709,,,
drc-activities,DK-CVR-20699310-DK201709,,,
drc-activities,DK-CVR-20699310-DK201709,,,
drc-activities,DK-CVR-20699310-DK201709,,,
drc-activities,DK-CVR-20699310-DK201709,,,
drc-activities,DK-CVR-20699310-DK201709,,,
drc-activities,DK-CVR-20699310-DK201705,,,
drc-activities,DK-CVR-20699310-DK201705,,,
drc-activities,DK-CVR-20699310-DK201705,,,
drc-activities,DK-CVR-20699310-DK201705,,,
drc-activities,DK-CVR-20699310-DK201705,,,
drc-activities,DK-CVR-20699310-DK201705,,,
drc-activities,DK-CVR-20699310-DK201705,,,
drc-activities,DK-CVR-20699310-DK201705,,,
drc-activities,DK-CVR-20699310-DK201696,,,
drc-activities,DK-CVR-20699310-DK201696,,,
drc-activities,DK-CVR-20699310-DK201696,,,
drc-activities,DK-CVR-20699310-DK201696,,,
drc-activities,DK-CVR-20699310-DK201696,,,
drc-activities,DK-CVR-20699310-DK201696,,,
drc-activities,DK-CVR-20699310-DK201696,,,
drc-activities,DK-CVR-20699310-DK201696,,,
